FromUnit, "Cup_us","FlOz_us","Tbs_us","tsp_us","FlOz_uk","Tbs_uk","tsp_uk",      "mL",
 "Cup_us",    1.0 ,     8.0 ,   16.0 ,   48.0 , 8.326742,13.32279, 39.96836, 236.5882,
"FlOz_us",        ,     1.0 ,    2.0 ,    6.0 , 1.040843,1.665348, 4.996045, 29.57353,
 "Tbs_us",        ,         ,    1.0 ,    3.0 , 0.520421,0.832674, 2.498023, 14.78676,
 "tsp_us",        ,         ,        ,    1.0 , 0.173474,0.277558,0.8732674, 4.928922,
"FlOz_uk",        ,         ,        ,        ,     1.0 ,    1.6 ,     4.8 , 28.41306,
 "Tbs_uk",        ,         ,        ,        ,         ,    1.0 ,     3.0 , 17.75816,
 "tsp_uk",        ,         ,        ,        ,         ,        ,     1.0 , 5.919388,
     "mL",        ,         ,        ,        ,         ,        ,         ,     1.0 ,